id,dominio,anio,tipo
9,BRL444,2008,A
18,BRL642,1987,A
34,BRL999,1995,A
32,CAD919,2010,A
28,CNY000,2006,A
21,CNY346,1999,A
24,CNY632,2000,A
5,EUR342,2004,A
16,GMD234,1987,A
6,IDR244,2010,A
20,IDR345,2011,A
22,IDR733,2012,A
19,IDR734,2003,A
23,ILS245,2008,A
4,KGS765,2003,A
17,MGA345,1998,A
8,MKD333,2011,A
25,UAH111,2009,A
29,UAH345,2002,A
7,USD222,2002,A
15,USD634,1986,A
